xLat,xLong,terrainHeight
39.85471,-113.5855,1301.463
39.85477,-113.5735,1300.46
39.85483,-113.5614,1301.311
39.8549,-113.5493,1304.761
39.85496,-113.5372,1308.744
39.85502,-113.5252,1310.452
39.85508,-113.5131,1311.189
39.85514,-113.501,1313.652
39.85519,-113.489,1318.232
39.85526,-113.4769,1342.794
39.85531,-113.4648,1430.677
39.85536,-113.4527,1563.615
39.85541,-113.4406,1623.552
39.85546,-113.4286,1546.728
39.85552,-113.4165,1412.896
39.85556,-113.4044,1329.303
39.85561,-113.3924,1310.771
39.85565,-113.3803,1310.952
39.85569,-113.3682,1308.745
39.85574,-113.3561,1306.579
39.85578,-113.3441,1303.991
39.85581,-113.332,1302.861
39.85585,-113.3199,1303.286
39.85588,-113.3079,1316.448
39.85592,-113.2958,1356.299
39.85596,-113.2837,1416.634
39.856,-113.2716,1474.553
39.85603,-113.2596,1512.326
39.85605,-113.2475,1530.149
39.85608,-113.2354,1492.207
39.85611,-113.2233,1419.475
39.85614,-113.2113,1397.509
39.85616,-113.1992,1412.303
39.85617,-113.1871,1437.624
39.85619,-113.175,1474.122
39.85622,-113.163,1509.838
39.85624,-113.1509,1549.796
39.85625,-113.1388,1592.429
39.85627,-113.1268,1606.471
39.85628,-113.1147,1580.083
39.8563,-113.1026,1583.488
39.8563,-113.0905,1621.944
39.85631,-113.0785,1606.472
39.85632,-113.0664,1530.497
39.85633,-113.0543,1466.768
39.85634,-113.0422,1442.816
39.85634,-113.0302,1434.932
39.85634,-113.0181,1431.693
39.85634,-113.006,1438.884
39.85634,-112.994,1455.6
39.85634,-112.9819,1465.992
39.86397,-113.5856,1300.567
39.86404,-113.5735,1297.942
39.8641,-113.5615,1297.359
39.86416,-113.5494,1299.571
39.86422,-113.5373,1301.475
39.86429,-113.5252,1303.278
39.86435,-113.5132,1306.127
39.86441,-113.5011,1309.422
39.86447,-113.489,1311.401
39.86452,-113.4769,1319.755
39.86458,-113.4649,1401.736
39.86463,-113.4528,1551.084
39.86468,-113.4407,1643.998
39.86473,-113.4286,1606.949
39.86478,-113.4166,1456.633
39.86483,-113.4045,1331.723
39.86488,-113.3924,1306.544
39.86492,-113.3803,1309.569
39.86496,-113.3683,1307.291
39.86501,-113.3562,1305.214
39.86504,-113.3441,1303.361
39.86509,-113.332,1302.533
39.86512,-113.32,1303.201
39.86517,-113.3079,1306.635
39.8652,-113.2958,1324.166
39.86523,-113.2838,1378.711
39.86526,-113.2717,1448.019
39.86529,-113.2596,1463.545
39.86532,-113.2475,1432.43
39.86535,-113.2354,1402.138
39.86538,-113.2234,1383.584
39.8654,-113.2113,1385.602
39.86543,-113.1992,1398.979
39.86544,-113.1871,1413.783
39.86546,-113.1751,1438.581
39.86549,-113.163,1470.776
39.8655,-113.1509,1500.697
39.86552,-113.1389,1529.962
39.86554,-113.1268,1543.414
39.86555,-113.1147,1545.99
39.86556,-113.1026,1588.712
39.86558,-113.0905,1657.507
39.86558,-113.0785,1659.3
39.86559,-113.0664,1560.323
39.8656,-113.0543,1459.564
39.8656,-113.0423,1426.485
39.8656,-113.0302,1423.26
39.86561,-113.0181,1420.771
39.86561,-113.006,1425.027
39.86561,-112.994,1437.327
39.86561,-112.9819,1442.888
39.87323,-113.5857,1299.676
39.8733,-113.5736,1297.265
39.87337,-113.5616,1295.401
39.87343,-113.5495,1294.868
39.87349,-113.5374,1295.313
39.87356,-113.5253,1297.785
39.87361,-113.5132,1302.196
39.87368,-113.5012,1306.583
39.87374,-113.4891,1307.509
39.87379,-113.477,1303.872
39.87384,-113.4649,1357.719
39.8739,-113.4529,1496.035
39.87395,-113.4408,1625.116
39.874,-113.4287,1627.333
39.87405,-113.4166,1473.593
39.8741,-113.4046,1331.176
39.87414,-113.3925,1302.587
39.87418,-113.3804,1307.238
39.87423,-113.3683,1306.113
39.87428,-113.3563,1305.274
39.87431,-113.3442,1303.506
39.87434,-113.3321,1301.4
39.87439,-113.32,1302.386
39.87443,-113.308,1304.716
39.87446,-113.2959,1307.749
39.87449,-113.2838,1327.692
39.87453,-113.2717,1363.775
39.87456,-113.2596,1381.422
39.87459,-113.2476,1374.342
39.87462,-113.2355,1366.657
39.87464,-113.2234,1367.088
39.87466,-113.2113,1375.079
39.87469,-113.1992,1388.086
39.87472,-113.1872,1404.41
39.87473,-113.1751,1427.385
39.87476,-113.163,1452.744
39.87477,-113.1509,1472.456
39.87479,-113.1389,1487.812
39.87481,-113.1268,1501.579
39.87482,-113.1147,1530.28
39.87484,-113.1026,1608.518
39.87484,-113.0906,1691.532
39.87485,-113.0785,1673.841
39.87485,-113.0664,1563.634
39.87487,-113.0543,1464.271
39.87487,-113.0423,1422.773
39.87488,-113.0302,1413.281
39.87488,-113.0181,1409.916
39.87489,-113.006,1412.621
39.87489,-112.994,1421.789
39.87488,-112.9819,1426.238
39.88251,-113.5858,1297.504
39.88258,-113.5737,1296.848
39.88264,-113.5616,1295.3
39.88271,-113.5496,1293.712
39.88276,-113.5375,1293.98
39.88283,-113.5254,1296.557
39.88288,-113.5133,1300.804
39.88295,-113.5013,1304.518
39.88301,-113.4892,1305.649
39.88306,-113.4771,1301.849
39.88311,-113.465,1318.685
39.88317,-113.4529,1399.795
39.88322,-113.4409,1504.001
39.88327,-113.4288,1515.47
39.88332,-113.4167,1416.129
39.88337,-113.4046,1324.455
39.88341,-113.3925,1302.875
39.88346,-113.3805,1305.502
39.8835,-113.3684,1305.95
39.88354,-113.3563,1305.684
39.88359,-113.3442,1302.772
39.88362,-113.3322,1299.782
39.88366,-113.3201,1299.197
39.88369,-113.308,1302.574
39.88373,-113.2959,1304.511
39.88376,-113.2838,1303.995
39.88379,-113.2718,1312.996
39.88382,-113.2597,1328.926
39.88385,-113.2476,1339.256
39.88388,-113.2355,1345.852
39.88391,-113.2234,1354.168
39.88393,-113.2114,1364.87
39.88396,-113.1993,1379.295
39.88398,-113.1872,1397.434
39.884,-113.1751,1417.575
39.88403,-113.1631,1436.705
39.88404,-113.151,1456.692
39.88406,-113.1389,1479.578
39.88408,-113.1268,1503.318
39.88409,-113.1147,1536.392
39.88411,-113.1027,1616.852
39.88411,-113.0906,1707.609
39.88412,-113.0785,1689.611
39.88412,-113.0664,1576.205
39.88414,-113.0544,1473.244
39.88414,-113.0423,1421.409
39.88414,-113.0302,1404.867
39.88414,-113.0181,1400.516
39.88415,-113.006,1401.625
39.88415,-112.994,1406.877
39.88414,-112.9819,1410.306
39.89177,-113.5859,1297.089
39.89184,-113.5738,1296.301
39.89191,-113.5617,1295.169
39.89198,-113.5496,1294.795
39.89204,-113.5376,1296.04
39.8921,-113.5255,1297.671
39.89215,-113.5134,1299.566
39.89221,-113.5013,1301.565
39.89227,-113.4892,1303.297
39.89233,-113.4772,1303.422
39.89238,-113.4651,1305.409
39.89243,-113.453,1334.344
39.89249,-113.4409,1374.001
39.89253,-113.4288,1370.642
39.89259,-113.4167,1339.651
39.89263,-113.4047,1316.968
39.89268,-113.3926,1307.096
39.89272,-113.3805,1305.453
39.89277,-113.3684,1305.729
39.89281,-113.3564,1304.143
39.89284,-113.3443,1300.387
39.89288,-113.3322,1297.936
39.89292,-113.3201,1296.945
39.89297,-113.308,1298.665
39.893,-113.296,1301.338
39.89303,-113.2839,1302.793
39.89307,-113.2718,1306.7
39.89309,-113.2597,1314.082
39.89313,-113.2476,1324.539
39.89315,-113.2356,1335.329
39.89318,-113.2235,1344.153
39.8932,-113.2114,1355.319
39.89323,-113.1993,1370.818
39.89325,-113.1872,1388.78
39.89326,-113.1752,1406.799
39.89328,-113.1631,1429.378
39.89331,-113.151,1460.39
39.89333,-113.1389,1490.533
39.89334,-113.1268,1516.706
39.89335,-113.1147,1549.994
39.89336,-113.1027,1621.234
39.89338,-113.0906,1714.559
39.89339,-113.0785,1738.452
39.89339,-113.0664,1640.806
39.89341,-113.0544,1494.084
39.89341,-113.0423,1412.763
39.89341,-113.0302,1396.564
39.89341,-113.0181,1393.643
39.89341,-113.006,1393.234
39.89341,-112.994,1395.469
39.89341,-112.9819,1398.276
39.90105,-113.586,1298.517
39.9011,-113.5739,1295.783
39.90118,-113.5618,1294.218
39.90124,-113.5497,1295.025
39.90131,-113.5376,1297.258
39.90136,-113.5256,1297.797
39.90142,-113.5135,1297.363
39.90148,-113.5014,1298.775
39.90155,-113.4893,1300.768
39.90159,-113.4772,1301.273
39.90165,-113.4651,1301.343
39.9017,-113.4531,1307.166
39.90175,-113.441,1314.985
39.90181,-113.4289,1312.83
39.90185,-113.4168,1311.674
39.9019,-113.4047,1313.453
39.90195,-113.3927,1308.523
39.902,-113.3806,1305.673
39.90203,-113.3685,1305.758
39.90208,-113.3564,1302.739
39.90213,-113.3443,1299.368
39.90216,-113.3322,1297.554
39.90219,-113.3202,1296.25
39.90223,-113.3081,1296.068
39.90227,-113.296,1297.565
39.90231,-113.2839,1301.391
39.90233,-113.2718,1306.252
39.90236,-113.2598,1312.038
39.90239,-113.2477,1321.072
39.90242,-113.2356,1329.105
39.90244,-113.2235,1336.52
39.90247,-113.2114,1347.966
39.9025,-113.1993,1362.325
39.90252,-113.1873,1379.487
39.90253,-113.1752,1398.544
39.90256,-113.1631,1428.357
39.90258,-113.151,1467.679
39.9026,-113.1389,1501.172
39.9026,-113.1269,1538.742
39.90263,-113.1148,1602.595
39.90263,-113.1027,1682.292
39.90265,-113.0906,1738.344
39.90266,-113.0785,1773.575
39.90266,-113.0664,1711.488
39.90267,-113.0544,1525.733
39.90268,-113.0423,1405.471
39.90269,-113.0302,1389.191
39.90269,-113.0181,1386.964
39.90269,-113.006,1385.491
39.90269,-112.994,1386.369
39.90269,-112.9819,1388.554
39.91031,-113.5861,1298.246
39.91038,-113.574,1294.612
39.91044,-113.5619,1292.483
39.91051,-113.5498,1293.041
39.91057,-113.5377,1295.02
39.91063,-113.5256,1295.035
39.91068,-113.5135,1294.358
39.91074,-113.5015,1296.637
39.91081,-113.4894,1298.392
39.91087,-113.4773,1297.875
39.91091,-113.4652,1298.031
39.91097,-113.4531,1298.936
39.91103,-113.4411,1302.114
39.91107,-113.429,1305.782
39.91112,-113.4169,1308.495
39.91117,-113.4048,1308.867
39.91121,-113.3927,1305.417
39.91127,-113.3806,1304.846
39.9113,-113.3686,1305.343
39.91133,-113.3565,1301.98
39.91138,-113.3444,1299.406
39.91143,-113.3323,1298.133
39.91146,-113.3202,1296.166
39.9115,-113.3081,1294.793
39.91153,-113.2961,1295.139
39.91158,-113.284,1297.268
39.91159,-113.2719,1301.811
39.91163,-113.2598,1309.243
39.91166,-113.2477,1316.278
39.91169,-113.2356,1321.657
39.91171,-113.2235,1329.384
39.91173,-113.2115,1340.558
39.91176,-113.1994,1355.808
39.91179,-113.1873,1377.33
39.91181,-113.1752,1403.058
39.91182,-113.1631,1437.168
39.91185,-113.151,1477.519
39.91186,-113.1389,1514.343
39.91188,-113.1269,1579.527
39.91189,-113.1148,1689.91
39.9119,-113.1027,1781.971
39.91191,-113.0906,1807.214
39.91192,-113.0785,1802.427
39.91194,-113.0665,1716.235
39.91194,-113.0544,1524.185
39.91195,-113.0423,1402.467
39.91195,-113.0302,1384.521
39.91195,-113.0181,1381.233
39.91195,-113.006,1378.86
39.91195,-112.994,1377.391
39.91195,-112.9819,1378.215
39.91958,-113.5862,1294.666
39.91965,-113.5741,1292.5
39.91971,-113.562,1290.974
39.91977,-113.5499,1290.103
39.91983,-113.5378,1290.867
39.9199,-113.5257,1291.4
39.91996,-113.5136,1291.26
39.92002,-113.5016,1293.671
39.92007,-113.4895,1295.651
39.92013,-113.4774,1295.576
39.92019,-113.4653,1296.866
39.92024,-113.4532,1299.066
39.9203,-113.4411,1301.097
39.92035,-113.429,1302.725
39.92039,-113.4169,1303.514
39.92043,-113.4049,1303.199
39.92048,-113.3928,1302.359
39.92053,-113.3807,1303.028
39.92057,-113.3686,1302.517
39.92061,-113.3565,1299.486
39.92065,-113.3444,1298.106
39.92069,-113.3324,1297.439
39.92072,-113.3203,1294.974
39.92076,-113.3082,1292.783
39.9208,-113.2961,1293.057
39.92085,-113.284,1295.18
39.92087,-113.2719,1299.881
39.9209,-113.2598,1305.786
39.92093,-113.2477,1309.376
39.92095,-113.2357,1314.184
39.92098,-113.2236,1321.132
39.92101,-113.2115,1332.885
39.92104,-113.1994,1356.225
39.92105,-113.1873,1386.901
39.92108,-113.1752,1420.102
39.9211,-113.1631,1455.499
39.92111,-113.1511,1494.942
39.92113,-113.139,1541.151
39.92115,-113.1269,1629.998
39.92116,-113.1148,1768.333
39.92118,-113.1027,1865.514
39.92118,-113.0906,1874.299
39.9212,-113.0786,1818.688
39.9212,-113.0665,1677.056
39.92121,-113.0544,1492.41
39.92121,-113.0423,1395.014
39.92123,-113.0302,1380.909
39.92123,-113.0181,1378.994
39.92123,-113.006,1376.367
39.92123,-112.994,1373.424
39.92123,-112.9819,1373.172
39.92885,-113.5862,1291.538
39.92892,-113.5741,1290.817
39.92898,-113.5621,1289.509
39.92905,-113.55,1288.005
39.92911,-113.5379,1288.419
39.92916,-113.5258,1289.282
39.92923,-113.5137,1289.269
39.92928,-113.5016,1290.624
39.92934,-113.4895,1293.15
39.92941,-113.4774,1294.681
39.92945,-113.4654,1295.949
39.9295,-113.4533,1298.183
39.92957,-113.4412,1300.281
39.92962,-113.4291,1300.558
39.92965,-113.417,1299.519
39.9297,-113.4049,1299.523
39.92975,-113.3928,1300.153
39.92979,-113.3808,1300.563
39.92984,-113.3687,1299.663
39.92988,-113.3566,1297.083
39.92992,-113.3445,1295.736
39.92996,-113.3324,1294.879
39.93,-113.3203,1292.4
39.93003,-113.3082,1290.961
39.93007,-113.2961,1292.338
39.93011,-113.2841,1296.482
39.93013,-113.272,1301.403
39.93017,-113.2599,1303.189
39.93019,-113.2478,1304.686
39.93023,-113.2357,1310.397
39.93026,-113.2236,1317.07
39.93027,-113.2115,1331.551
39.93031,-113.1994,1363.188
39.93032,-113.1873,1401.909
39.93034,-113.1753,1442.607
39.93036,-113.1632,1486.938
39.93039,-113.1511,1536.701
39.9304,-113.139,1601.905
39.93041,-113.1269,1701.404
39.93042,-113.1148,1828.517
39.93044,-113.1027,1879.62
39.93045,-113.0906,1828.33
39.93046,-113.0786,1780.951
39.93047,-113.0665,1673.868
39.93048,-113.0544,1484.578
39.93048,-113.0423,1381.586
39.93048,-113.0302,1373.428
39.93048,-113.0181,1376.046
39.93049,-113.006,1374.504
39.93049,-112.994,1371.845
39.93048,-112.9819,1371.731
39.93811,-113.5863,1289.797
39.93819,-113.5742,1289.411
39.93825,-113.5621,1288.542
39.93831,-113.55,1287.684
39.93837,-113.538,1288.316
39.93843,-113.5259,1288.968
39.9385,-113.5138,1288.677
39.93855,-113.5017,1288.936
39.93862,-113.4896,1290.782
39.93867,-113.4775,1293.045
39.93872,-113.4654,1294.771
39.93878,-113.4533,1295.798
39.93884,-113.4413,1296.663
39.93888,-113.4292,1297.388
39.93893,-113.4171,1297.264
39.93898,-113.405,1297.349
39.93903,-113.3929,1297.462
39.93907,-113.3808,1297.251
39.93911,-113.3687,1297.621
39.93915,-113.3566,1296.676
39.93919,-113.3445,1294.909
39.93923,-113.3325,1293.687
39.93927,-113.3204,1292.468
39.9393,-113.3083,1292.589
39.93934,-113.2962,1294.151
39.93938,-113.2841,1297.136
39.9394,-113.272,1300.018
39.93943,-113.2599,1301.266
39.93947,-113.2478,1303.206
39.9395,-113.2357,1309.548
39.93953,-113.2236,1320.42
39.93954,-113.2115,1340.103
39.93958,-113.1995,1372.16
39.9396,-113.1874,1421.756
39.93961,-113.1753,1483.687
39.93963,-113.1632,1545.883
39.93966,-113.1511,1629
39.93966,-113.139,1724.384
39.93968,-113.1269,1798.168
39.9397,-113.1148,1832.066
39.93971,-113.1028,1776.848
39.93972,-113.0907,1688.519
39.93973,-113.0786,1692.765
39.93974,-113.0665,1650.021
39.93975,-113.0544,1476.081
39.93976,-113.0423,1370.404
39.93976,-113.0302,1365.717
39.93976,-113.0181,1371.043
39.93976,-113.006,1370.658
39.93976,-112.994,1368.289
39.93976,-112.9819,1369.341
39.94739,-113.5864,1289.136
39.94745,-113.5743,1288.3
39.94752,-113.5622,1288.113
39.94758,-113.5501,1288.167
39.94764,-113.5381,1288.057
39.94771,-113.526,1288.104
39.94777,-113.5139,1288.253
39.94783,-113.5018,1288.268
39.94788,-113.4897,1288.896
39.94794,-113.4776,1290.339
39.948,-113.4655,1291.802
39.94805,-113.4534,1292.213
39.9481,-113.4413,1292.053
39.94815,-113.4292,1293.256
39.9482,-113.4171,1296.103
39.94825,-113.405,1297.917
39.94829,-113.3929,1297.453
39.94833,-113.3809,1296.99
39.94838,-113.3688,1298.077
39.94842,-113.3567,1298.162
39.94846,-113.3446,1296.689
39.9485,-113.3325,1295.697
39.94854,-113.3204,1295.368
39.94857,-113.3083,1295.216
39.94861,-113.2962,1295.53
39.94864,-113.2841,1296.448
39.94868,-113.272,1297.282
39.94871,-113.2599,1299.222
39.94873,-113.2479,1303.005
39.94876,-113.2358,1311.037
39.94879,-113.2237,1327.009
39.94882,-113.2116,1355.407
39.94884,-113.1995,1389.01
39.94886,-113.1874,1459.464
39.94889,-113.1753,1558.191
39.9489,-113.1632,1634.032
39.94892,-113.1511,1738.88
39.94894,-113.139,1845.4
39.94896,-113.127,1865.136
39.94896,-113.1149,1794.013
39.94899,-113.1028,1664.524
39.949,-113.0907,1571.322
39.949,-113.0786,1577.905
39.94902,-113.0665,1557.675
39.94902,-113.0544,1441.046
39.94902,-113.0423,1367.075
39.94902,-113.0302,1363.92
39.94903,-113.0181,1367.429
39.94903,-113.006,1367.563
39.94903,-112.9939,1365.418
39.94903,-112.9819,1366.723
39.95665,-113.5865,1287.709
39.95672,-113.5744,1286.571
39.95678,-113.5623,1286.717
39.95684,-113.5502,1287.578
39.95691,-113.5381,1287.442
39.95697,-113.526,1286.747
39.95704,-113.5139,1287.532
39.95709,-113.5018,1288.423
39.95715,-113.4897,1288.313
39.95721,-113.4777,1288.643
39.95726,-113.4656,1289.183
39.95732,-113.4535,1290.079
39.95737,-113.4414,1291.441
39.95742,-113.4293,1292.632
39.95747,-113.4172,1295.639
39.95752,-113.4051,1298.952
39.95756,-113.393,1299.612
39.9576,-113.3809,1300.169
39.95765,-113.3688,1301.236
39.95769,-113.3567,1300.185
39.95773,-113.3446,1297.937
39.95778,-113.3326,1296.742
39.95781,-113.3205,1296.451
39.95785,-113.3084,1295.723
39.95788,-113.2963,1295.366
39.95791,-113.2842,1295.692
39.95794,-113.2721,1296.198
39.95798,-113.26,1297.886
39.95801,-113.2479,1302.57
39.95803,-113.2358,1313.254
39.95807,-113.2237,1333.876
39.95808,-113.2116,1383.522
39.95811,-113.1995,1446.01
39.95814,-113.1874,1535.801
39.95815,-113.1753,1653.204
39.95817,-113.1632,1729.412
39.95819,-113.1512,1791.56
39.95821,-113.1391,1841.737
39.95822,-113.127,1820.758
39.95824,-113.1149,1715.691
39.95825,-113.1028,1588.556
39.95826,-113.0907,1528.207
39.95827,-113.0786,1527.179
39.95828,-113.0665,1494.195
39.95829,-113.0544,1413.211
39.95829,-113.0423,1367.572
39.95829,-113.0302,1363.94
39.95829,-113.0181,1365.028
39.95831,-113.006,1365.726
39.95831,-112.9939,1364.71
39.95829,-112.9818,1366.058
39.96593,-113.5866,1285.618
39.96599,-113.5745,1284.442
39.96606,-113.5624,1285.302
39.96613,-113.5503,1286.59
39.96619,-113.5382,1287.244
39.96624,-113.5261,1286.812
39.96631,-113.514,1287.423
39.96637,-113.5019,1288.714
39.96642,-113.4898,1288.517
39.96648,-113.4777,1288.134
39.96653,-113.4656,1288.224
39.96658,-113.4536,1289.21
39.96664,-113.4415,1291.585
39.96669,-113.4294,1292.76
39.96673,-113.4173,1293.785
39.96679,-113.4052,1296.7
39.96683,-113.3931,1299.118
39.96688,-113.381,1300.616
39.96692,-113.3689,1300.82
39.96696,-113.3568,1298.977
39.967,-113.3447,1296.755
39.96704,-113.3326,1295.695
39.96708,-113.3205,1295.924
39.96712,-113.3084,1295.602
39.96715,-113.2963,1295.25
39.96719,-113.2842,1295.285
39.96721,-113.2721,1296.55
39.96724,-113.26,1299.681
39.96728,-113.2479,1302.694
39.9673,-113.2358,1309.419
39.96733,-113.2238,1349.689
39.96735,-113.2117,1454.741
39.96738,-113.1996,1565.152
39.9674,-113.1875,1648.601
39.96742,-113.1754,1728.695
39.96745,-113.1633,1766.223
39.96746,-113.1512,1761.894
39.96748,-113.1391,1747.665
39.9675,-113.127,1701.19
39.96751,-113.1149,1594.82
39.96753,-113.1028,1510.311
39.96753,-113.0907,1524.356
39.96754,-113.0786,1535.788
39.96754,-113.0665,1467.018
39.96756,-113.0544,1392.921
39.96756,-113.0423,1366.705
39.96757,-113.0302,1362.845
39.96758,-113.0181,1363.62
39.96758,-113.006,1365.078
39.96758,-112.9939,1364.536
39.96758,-112.9818,1366.596
39.97519,-113.5867,1286.614
39.97525,-113.5746,1285.109
39.97532,-113.5625,1284.627
39.9754,-113.5504,1285.306
39.97546,-113.5383,1285.895
39.97552,-113.5262,1286.051
39.97558,-113.5141,1286.369
39.97563,-113.502,1286.894
39.97569,-113.4899,1287.253
39.97575,-113.4778,1287.083
39.97581,-113.4657,1286.954
39.97585,-113.4536,1288.106
39.97591,-113.4415,1290.527
39.97596,-113.4294,1291.943
39.97601,-113.4173,1292.385
39.97605,-113.4052,1293.835
39.9761,-113.3931,1296.177
39.97614,-113.381,1297.875
39.97619,-113.3689,1297.299
39.97623,-113.3568,1295.764
39.97627,-113.3448,1295.159
39.97631,-113.3326,1295.255
39.97635,-113.3206,1295.841
39.97638,-113.3085,1295.832
39.97643,-113.2964,1295.588
39.97646,-113.2843,1295.318
39.97648,-113.2722,1296.278
39.97651,-113.2601,1298.881
39.97655,-113.248,1302.436
39.97658,-113.2359,1321.693
39.97659,-113.2238,1416.674
39.97662,-113.2117,1560.587
39.97665,-113.1996,1659.659
39.97667,-113.1875,1720.9
39.97669,-113.1754,1737.828
39.97672,-113.1633,1708.269
39.97673,-113.1512,1677.288
39.97675,-113.1391,1650.904
39.97677,-113.127,1593.771
39.97678,-113.1149,1498.936
39.97678,-113.1028,1448.2
39.9768,-113.0907,1477.424
39.9768,-113.0786,1479.334
39.97682,-113.0665,1415.048
39.97683,-113.0544,1371.089
39.97683,-113.0423,1363.928
39.97683,-113.0302,1363.229
39.97684,-113.0181,1363.709
39.97684,-113.006,1363.912
39.97684,-112.9939,1364.524
39.97684,-112.9818,1367.01
39.98446,-113.5868,1289.223
39.98453,-113.5747,1287.603
39.98459,-113.5626,1284.594
39.98465,-113.5505,1283.523
39.98473,-113.5384,1283.85
39.98478,-113.5263,1284.628
39.98484,-113.5142,1285.416
39.9849,-113.5021,1286.319
39.98497,-113.49,1287.81
39.98502,-113.4779,1288.213
39.98507,-113.4658,1287.348
39.98512,-113.4537,1288.739
39.98517,-113.4416,1292.075
39.98523,-113.4295,1293.336
39.98528,-113.4174,1293.228
39.98533,-113.4053,1293.468
39.98537,-113.3932,1294.263
39.98542,-113.3811,1295.352
39.98546,-113.369,1295.267
39.9855,-113.3569,1294.577
39.98554,-113.3448,1294.688
39.98558,-113.3327,1295.287
39.98561,-113.3206,1295.723
39.98565,-113.3085,1295.683
39.98569,-113.2964,1295.557
39.98573,-113.2843,1295.981
39.98575,-113.2722,1296.262
39.98578,-113.2601,1293.199
39.98582,-113.248,1307.283
39.98584,-113.2359,1365.722
39.98587,-113.2238,1489.567
39.9859,-113.2117,1610.796
39.98592,-113.1996,1659.095
39.98594,-113.1875,1668.713
39.98596,-113.1754,1648.288
39.98598,-113.1633,1629.473
39.986,-113.1512,1627.135
39.98602,-113.1391,1592.687
39.98603,-113.127,1508.913
39.98605,-113.1149,1429.037
39.98606,-113.1028,1398.306
39.98608,-113.0907,1396.53
39.98608,-113.0786,1387.135
39.98609,-113.0665,1365.545
39.98609,-113.0544,1356.648
39.9861,-113.0423,1359.233
39.98611,-113.0302,1362.168
39.98611,-113.0181,1360.895
39.98611,-113.006,1360.167
39.98611,-112.9939,1363.793
39.98611,-112.9818,1365.563
39.99373,-113.5869,1288.992
39.9938,-113.5748,1288.073
39.99387,-113.5627,1285.744
39.99393,-113.5506,1283.778
39.994,-113.5385,1283.619
39.99406,-113.5264,1284.991
39.99411,-113.5143,1286.885
39.99417,-113.5022,1288.946
39.99423,-113.4901,1290.504
39.99429,-113.478,1290.117
39.99434,-113.4659,1288.408
39.99439,-113.4538,1289.235
39.99445,-113.4417,1292.41
39.9945,-113.4296,1293.718
39.99455,-113.4174,1293.991
39.99459,-113.4053,1294.006
39.99465,-113.3932,1292.987
39.99468,-113.3811,1292.489
39.99473,-113.369,1292.569
39.99478,-113.3569,1292.617
39.99481,-113.3448,1293.36
39.99485,-113.3327,1294.918
39.99489,-113.3206,1296.189
39.99492,-113.3085,1296.469
39.99496,-113.2964,1296.655
39.995,-113.2843,1299.764
39.99503,-113.2722,1301.34
39.99505,-113.2601,1294.523
39.99509,-113.248,1313.427
39.99511,-113.2359,1374.264
39.99514,-113.2238,1452.514
39.99516,-113.2117,1548.035
39.99518,-113.1996,1610.487
39.99522,-113.1875,1580.427
39.99524,-113.1754,1534.383
39.99525,-113.1633,1562.451
39.99528,-113.1512,1602.874
39.99528,-113.1391,1549.704
39.9953,-113.127,1436.33
39.99532,-113.1149,1373.626
39.99533,-113.1028,1362.412
39.99534,-113.0907,1354.906
39.99535,-113.0786,1351.014
39.99535,-113.0665,1350.404
39.99537,-113.0544,1350.843
39.99537,-113.0423,1355.115
39.99538,-113.0302,1357.823
39.99538,-113.0181,1355.921
39.99538,-113.006,1357.47
39.99538,-112.9939,1361.983
39.99538,-112.9818,1364.024
40.00301,-113.5869,1287.454
40.00307,-113.5748,1287.573
40.00314,-113.5627,1287.251
40.0032,-113.5506,1285.806
40.00327,-113.5385,1284.653
40.00332,-113.5264,1285.539
40.00338,-113.5143,1287.574
40.00344,-113.5022,1289.189
40.0035,-113.4901,1289.718
40.00356,-113.478,1289.12
40.00361,-113.4659,1288.68
40.00366,-113.4538,1289.286
40.00372,-113.4417,1290.605
40.00377,-113.4296,1291.802
40.00381,-113.4175,1292.733
40.00386,-113.4054,1293.065
40.00391,-113.3933,1293.154
40.00395,-113.3812,1294.222
40.004,-113.3691,1295.066
40.00404,-113.357,1294.51
40.00408,-113.3449,1294.562
40.00412,-113.3328,1296.754
40.00415,-113.3207,1299.422
40.00418,-113.3086,1300.981
40.00423,-113.2965,1301.687
40.00426,-113.2844,1305.236
40.00428,-113.2723,1307.156
40.00433,-113.2602,1303.095
40.00435,-113.2481,1310.69
40.00438,-113.236,1332.995
40.00441,-113.2239,1368.328
40.00443,-113.2118,1464.187
40.00446,-113.1997,1566.195
40.00447,-113.1876,1554.052
40.0045,-113.1755,1489.336
40.00452,-113.1634,1482.263
40.00454,-113.1513,1491.955
40.00456,-113.1392,1437.886
40.00457,-113.1271,1368.957
40.00459,-113.115,1347.385
40.0046,-113.1029,1346.81
40.0046,-113.0908,1346.917
40.00462,-113.0787,1348.261
40.00463,-113.0666,1349.573
40.00464,-113.0544,1350.764
40.00464,-113.0424,1353.035
40.00465,-113.0302,1354.693
40.00465,-113.0181,1355.045
40.00465,-113.006,1357.246
40.00465,-112.9939,1361.477
40.00465,-112.9818,1364.248
40.01227,-113.587,1286.982
40.01234,-113.5749,1287.264
40.01241,-113.5628,1287.111
40.01247,-113.5507,1286.706
40.01253,-113.5386,1286.458
40.0126,-113.5265,1287.327
40.01266,-113.5144,1288.593
40.01271,-113.5023,1289.316
40.01277,-113.4902,1289.827
40.01283,-113.4781,1290.431
40.01287,-113.466,1290.979
40.01294,-113.4539,1290.332
40.01299,-113.4418,1289.908
40.01304,-113.4297,1291.431
40.01308,-113.4176,1292.492
40.01314,-113.4055,1293.059
40.01318,-113.3934,1296.477
40.01322,-113.3813,1301.95
40.01328,-113.3692,1303.925
40.01331,-113.3571,1300.821
40.01334,-113.345,1298.35
40.01339,-113.3329,1299.852
40.01343,-113.3207,1302.934
40.01346,-113.3087,1305.523
40.0135,-113.2965,1306.4
40.01353,-113.2844,1306.73
40.01356,-113.2723,1306.489
40.0136,-113.2602,1305.785
40.01363,-113.2481,1307.079
40.01365,-113.236,1310.504
40.01368,-113.2239,1338.847
40.0137,-113.2118,1437.881
40.01373,-113.1997,1531.591
40.01375,-113.1876,1506.886
40.01377,-113.1755,1437.67
40.01379,-113.1634,1401.174
40.01382,-113.1513,1370.199
40.01383,-113.1392,1341.404
40.01384,-113.1271,1334.619
40.01385,-113.115,1338.552
40.01387,-113.1029,1338.798
40.01388,-113.0908,1339.855
40.0139,-113.0787,1341.098
40.0139,-113.0666,1343.432
40.0139,-113.0545,1346.757
40.01391,-113.0424,1348.692
40.01391,-113.0302,1350.569
40.01391,-113.0182,1352.802
40.01392,-113.006,1355.848
40.01392,-112.9939,1358.92
40.01391,-112.9818,1356.577
40.02154,-113.5871,1287.18
40.02161,-113.575,1288.079
40.02168,-113.5629,1287.954
40.02174,-113.5508,1288.241
40.0218,-113.5387,1289.549
40.02187,-113.5266,1290.794
40.02192,-113.5145,1290.831
40.02198,-113.5024,1290.449
40.02205,-113.4903,1290.846
40.02209,-113.4782,1292.178
40.02214,-113.4661,1292.808
40.02221,-113.4539,1290.585
40.02227,-113.4418,1289.269
40.02231,-113.4297,1291.664
40.02236,-113.4176,1293.271
40.0224,-113.4055,1293.26
40.02246,-113.3934,1295.438
40.0225,-113.3813,1300.649
40.02254,-113.3692,1303.355
40.02258,-113.3571,1300.541
40.02262,-113.345,1299.116
40.02267,-113.3329,1300.953
40.0227,-113.3208,1303.188
40.02274,-113.3087,1305.588
40.02277,-113.2966,1306.905
40.0228,-113.2845,1305.886
40.02283,-113.2724,1304.065
40.02287,-113.2603,1304.68
40.0229,-113.2482,1307.735
40.02293,-113.2361,1310.801
40.02295,-113.224,1338.273
40.02297,-113.2119,1415.652
40.023,-113.1997,1460.646
40.02303,-113.1876,1409.389
40.02304,-113.1755,1353.469
40.02306,-113.1634,1339.673
40.02309,-113.1513,1330.843
40.02309,-113.1392,1326.769
40.02311,-113.1271,1330.613
40.02313,-113.115,1332.35
40.02314,-113.1029,1331.669
40.02315,-113.0908,1331.83
40.02316,-113.0787,1333.373
40.02317,-113.0666,1334.956
40.02317,-113.0545,1337.044
40.02319,-113.0424,1340.656
40.02319,-113.0303,1342.991
40.02319,-113.0182,1345.443
40.02319,-113.006,1350.44
40.02319,-112.9939,1349.361
40.02319,-112.9818,1342.454
40.03082,-113.5872,1289.706
40.03088,-113.5751,1291.168
40.03094,-113.563,1291.741
40.03101,-113.5509,1291.498
40.03107,-113.5388,1291.687
40.03113,-113.5267,1292.094
40.0312,-113.5146,1291.394
40.03125,-113.5025,1290.44
40.03131,-113.4904,1290.321
40.03137,-113.4782,1291.32
40.03143,-113.4661,1292.202
40.03148,-113.454,1290.289
40.03153,-113.4419,1288.577
40.03159,-113.4298,1290.542
40.03163,-113.4177,1292.636
40.03168,-113.4056,1292.309
40.03172,-113.3935,1290.949
40.03176,-113.3814,1292.519
40.03181,-113.3693,1296.531
40.03185,-113.3572,1298.263
40.03189,-113.3451,1300.091
40.03194,-113.3329,1302.082
40.03197,-113.3208,1302.871
40.03201,-113.3087,1304.192
40.03204,-113.2966,1305.671
40.03207,-113.2845,1306.057
40.0321,-113.2724,1304.952
40.03214,-113.2603,1305.565
40.03217,-113.2482,1308.627
40.03219,-113.2361,1311.422
40.03222,-113.224,1334.33
40.03224,-113.2119,1372.638
40.03227,-113.1998,1371.051
40.0323,-113.1877,1336.33
40.03232,-113.1756,1318.093
40.03233,-113.1635,1320.303
40.03235,-113.1513,1325.564
40.03236,-113.1392,1326.789
40.03238,-113.1271,1326.575
40.0324,-113.115,1326.767
40.03241,-113.1029,1326.69
40.03241,-113.0908,1326.552
40.03243,-113.0787,1327.144
40.03244,-113.0666,1327.357
40.03244,-113.0545,1328.413
40.03245,-113.0424,1332.017
40.03245,-113.0303,1334.826
40.03245,-113.0182,1338.565
40.03247,-113.006,1341.452
40.03247,-112.9939,1336.902
40.03245,-112.9818,1336.642
40.04007,-113.5873,1291.842
40.04015,-113.5752,1292.773
40.04021,-113.5631,1293.677
40.04028,-113.551,1292.369
40.04034,-113.5388,1290.972
40.0404,-113.5267,1291.297
40.04047,-113.5146,1291.144
40.04052,-113.5025,1290.337
40.04058,-113.4904,1290.046
40.04063,-113.4783,1290.515
40.0407,-113.4662,1291.14
40.04075,-113.4541,1290.011
40.0408,-113.442,1288.882
40.04085,-113.4299,1290.886
40.04089,-113.4178,1293.497
40.04094,-113.4057,1293.645
40.04099,-113.3936,1292.108
40.04103,-113.3814,1292.175
40.04108,-113.3693,1295.411
40.04112,-113.3572,1299.441
40.04116,-113.3451,1302.441
40.0412,-113.333,1303.402
40.04124,-113.3209,1303.473
40.04128,-113.3088,1303.938
40.04131,-113.2967,1305.123
40.04135,-113.2846,1306.385
40.04138,-113.2725,1306.939
40.0414,-113.2603,1310.361
40.04144,-113.2482,1314.061
40.04147,-113.2361,1314.582
40.04148,-113.224,1324.868
40.04151,-113.2119,1335.056
40.04154,-113.1998,1324.569
40.04156,-113.1877,1314.891
40.04158,-113.1756,1318.482
40.0416,-113.1635,1322.034
40.04163,-113.1514,1322.539
40.04164,-113.1393,1322.419
40.04165,-113.1271,1321.96
40.04166,-113.115,1321.679
40.04169,-113.1029,1322.125
40.04169,-113.0908,1322.462
40.0417,-113.0787,1322.34
40.04171,-113.0666,1322.195
40.04173,-113.0545,1323.508
40.04173,-113.0424,1325.524
40.04173,-113.0303,1328.7
40.04173,-113.0182,1335.052
40.04174,-113.006,1334.966
40.04174,-112.9939,1332.066
40.04173,-112.9818,1340.839
40.04936,-113.5874,1291.111
40.04942,-113.5753,1290.953
40.04948,-113.5632,1290.552
40.04955,-113.5511,1289.671
40.04961,-113.5389,1289.546
40.04967,-113.5268,1290.777
40.04974,-113.5147,1290.975
40.04979,-113.5026,1290.154
40.04985,-113.4905,1290.027
40.0499,-113.4784,1290.716
40.04996,-113.4663,1291.675
40.05002,-113.4542,1291.161
40.05007,-113.442,1290.856
40.05012,-113.4299,1292.747
40.05017,-113.4178,1294.342
40.05021,-113.4057,1294.299
40.05026,-113.3936,1294.618
40.05031,-113.3815,1295.776
40.05034,-113.3694,1297.306
40.05039,-113.3573,1300.653
40.05044,-113.3452,1303.143
40.05047,-113.3331,1301.883
40.05051,-113.3209,1301.716
40.05054,-113.3088,1304.714
40.05058,-113.2967,1307.103
40.05061,-113.2846,1308.335
40.05064,-113.2725,1317.654
40.05067,-113.2604,1330.373
40.05071,-113.2483,1325.849
40.05074,-113.2362,1315.474
40.05077,-113.2241,1315.509
40.05079,-113.2119,1315.838
40.05082,-113.1998,1314.456
40.05083,-113.1877,1315.123
40.05085,-113.1756,1315.699
40.05087,-113.1635,1317.221
40.0509,-113.1514,1319.061
40.0509,-113.1393,1319.216
40.05092,-113.1272,1317.86
40.05095,-113.1151,1316.727
40.05095,-113.1029,1317.519
40.05096,-113.0908,1319.052
40.05096,-113.0787,1320.475
40.05098,-113.0666,1321.745
40.05099,-113.0545,1322.776
40.05099,-113.0424,1323.463
40.05099,-113.0303,1328.519
40.05099,-113.0182,1335.554
40.05101,-113.006,1333.942
40.05101,-112.9939,1334.152
40.05099,-112.9818,1344.003
40.05862,-113.5875,1292.171
40.05869,-113.5754,1290.546
40.05875,-113.5632,1288.569
40.05882,-113.5511,1289.172
40.05889,-113.539,1290.878
40.05895,-113.5269,1292.123
40.05901,-113.5148,1292.074
40.05907,-113.5027,1291.082
40.05912,-113.4906,1290.279
40.05919,-113.4785,1290.277
40.05923,-113.4663,1291.033
40.05928,-113.4542,1290.609
40.05934,-113.4421,1290.132
40.05939,-113.43,1291.11
40.05944,-113.4179,1291.73
40.05949,-113.4058,1292.223
40.05954,-113.3937,1294.95
40.05958,-113.3816,1298.03
40.05962,-113.3694,1299.368
40.05967,-113.3573,1299.987
40.0597,-113.3452,1299.144
40.05974,-113.3331,1297.755
40.05978,-113.321,1301.066
40.05982,-113.3089,1307.828
40.05985,-113.2968,1309.936
40.05989,-113.2847,1313.125
40.05992,-113.2725,1332.376
40.05995,-113.2604,1345.189
40.05998,-113.2483,1327.831
40.06001,-113.2362,1311.184
40.06003,-113.2241,1310.072
40.06006,-113.212,1311.043
40.06009,-113.1999,1312.716
40.06011,-113.1877,1313.542
40.06012,-113.1756,1312.767
40.06015,-113.1635,1313.197
40.06016,-113.1514,1315.358
40.06019,-113.1393,1317.021
40.0602,-113.1272,1316.253
40.06021,-113.1151,1315.067
40.06022,-113.103,1316.123
40.06024,-113.0909,1318.059
40.06024,-113.0787,1320.204
40.06025,-113.0666,1322.176
40.06026,-113.0545,1322.87
40.06026,-113.0424,1325.202
40.06027,-113.0303,1332.312
40.06027,-113.0182,1336.989
40.06027,-113.006,1334.621
40.06027,-112.9939,1334.563
40.06027,-112.9818,1340.988
40.0679,-113.5876,1295.354
40.06796,-113.5754,1293.219
40.06802,-113.5633,1291.807
40.06809,-113.5512,1292.105
40.06816,-113.5391,1292.331
40.06822,-113.527,1291.626
40.06828,-113.5149,1291.216
40.06834,-113.5028,1291.096
40.06839,-113.4906,1289.504
40.06845,-113.4785,1288.141
40.0685,-113.4664,1288.243
40.06856,-113.4543,1287.67
40.0686,-113.4422,1287.253
40.06866,-113.4301,1288.22
40.06871,-113.418,1289.432
40.06876,-113.4059,1291.579
40.0688,-113.3937,1295.125
40.06885,-113.3816,1299.506
40.06889,-113.3695,1302.682
40.06894,-113.3574,1299.819
40.06898,-113.3453,1295.776
40.06901,-113.3332,1298.989
40.06905,-113.321,1306.511
40.06909,-113.3089,1311.805
40.06912,-113.2968,1311.688
40.06915,-113.2847,1317.664
40.06919,-113.2726,1352.798
40.06922,-113.2605,1374.392
40.06925,-113.2484,1340.946
40.06928,-113.2362,1311.09
40.0693,-113.2241,1308.5
40.06933,-113.212,1308.683
40.06936,-113.1999,1309.749
40.06938,-113.1878,1311.403
40.0694,-113.1757,1312.365
40.06942,-113.1635,1312.395
40.06944,-113.1514,1313.486
40.06945,-113.1393,1315.035
40.06947,-113.1272,1315.69
40.06948,-113.1151,1316.462
40.06949,-113.103,1317.62
40.0695,-113.0909,1318.667
40.06952,-113.0787,1319.923
40.06952,-113.0666,1320.499
40.06953,-113.0545,1321.272
40.06953,-113.0424,1325.801
40.06953,-113.0303,1330.576
40.06955,-113.0182,1331.883
40.06955,-113.006,1332.28
40.06955,-112.9939,1332.022
40.06955,-112.9818,1334.163
40.07717,-113.5876,1295.134
40.07724,-113.5755,1292.927
40.0773,-113.5634,1291.907
40.07737,-113.5513,1291.867
40.07743,-113.5392,1291.072
40.07749,-113.5271,1288.715
40.07755,-113.515,1287.962
40.07761,-113.5028,1289.346
40.07766,-113.4907,1288.474
40.07773,-113.4786,1287.284
40.07777,-113.4665,1288.407
40.07783,-113.4544,1288.95
40.07789,-113.4423,1289.237
40.07793,-113.4301,1289.835
40.07798,-113.418,1290.343
40.07803,-113.4059,1293.542
40.07808,-113.3938,1297.514
40.07812,-113.3817,1301.235
40.07817,-113.3696,1305.085
40.07821,-113.3574,1303.536
40.07825,-113.3453,1301.566
40.07829,-113.3332,1306.064
40.07832,-113.3211,1310.805
40.07835,-113.309,1312.827
40.0784,-113.2968,1313.98
40.07843,-113.2847,1321.353
40.07846,-113.2726,1400.379
40.07849,-113.2605,1467.239
40.07853,-113.2484,1390.849
40.07855,-113.2363,1316.261
40.07858,-113.2242,1309.855
40.0786,-113.212,1306.049
40.07862,-113.1999,1306.833
40.07866,-113.1878,1309.615
40.07866,-113.1757,1311.283
40.07869,-113.1636,1312.091
40.07871,-113.1515,1313.46
40.07872,-113.1393,1314.71
40.07874,-113.1272,1315.584
40.07875,-113.1151,1316.677
40.07877,-113.103,1317.532
40.07878,-113.0909,1317.923
40.07878,-113.0788,1318.021
40.07879,-113.0666,1317.756
40.0788,-113.0545,1320.345
40.0788,-113.0424,1324.728
40.07881,-113.0303,1323.735
40.07881,-113.0182,1323.309
40.07881,-113.006,1327.003
40.07881,-112.9939,1326.991
40.07881,-112.9818,1327.027
40.08644,-113.5877,1293.318
40.08651,-113.5756,1290.661
40.08657,-113.5635,1288.118
40.08664,-113.5514,1288.306
40.0867,-113.5393,1288.965
40.08676,-113.5271,1287.73
40.08683,-113.515,1287.418
40.08689,-113.5029,1288.96
40.08694,-113.4908,1289.229
40.08699,-113.4787,1289.218
40.08704,-113.4666,1291.717
40.0871,-113.4544,1294.377
40.08715,-113.4423,1295.297
40.0872,-113.4302,1295.279
40.08725,-113.4181,1295.588
40.0873,-113.406,1299.055
40.08735,-113.3938,1302.737
40.08739,-113.3817,1303.01
40.08744,-113.3696,1304.079
40.08747,-113.3575,1306.348
40.08752,-113.3454,1307.649
40.08756,-113.3333,1308.911
40.08759,-113.3211,1310.412
40.08763,-113.309,1311.905
40.08766,-113.2969,1319.592
40.08771,-113.2848,1371.905
40.08774,-113.2727,1497.624
40.08776,-113.2605,1535.595
40.08779,-113.2484,1409.009
40.08782,-113.2363,1320.675
40.08785,-113.2242,1311.08
40.08787,-113.2121,1304.983
40.0879,-113.2,1306.407
40.08792,-113.1878,1309.408
40.08794,-113.1757,1310.326
40.08796,-113.1636,1311.009
40.08798,-113.1515,1313.161
40.088,-113.1394,1315.215
40.08801,-113.1272,1315.471
40.08802,-113.1151,1315.419
40.08803,-113.103,1316.218
40.08805,-113.0909,1316.427
40.08806,-113.0788,1317.076
40.08807,-113.0667,1318.661
40.08807,-113.0545,1321.558
40.08809,-113.0424,1322.824
40.08809,-113.0303,1319.77
40.08809,-113.0182,1320.242
40.08809,-113.006,1322.704
40.08809,-112.9939,1321.829
40.08809,-112.9818,1323.664
40.0957,-113.5878,1292.94
40.09577,-113.5757,1291.696
40.09585,-113.5636,1289.648
40.09591,-113.5515,1288.755
40.09597,-113.5393,1288.742
40.09604,-113.5272,1288.519
40.09608,-113.5151,1289.264
40.09615,-113.503,1290.945
40.09621,-113.4909,1291.6
40.09627,-113.4787,1291.884
40.09632,-113.4666,1295.301
40.09637,-113.4545,1299.633
40.09643,-113.4424,1301.141
40.09648,-113.4303,1301.451
40.09653,-113.4182,1302.241
40.09657,-113.406,1304.017
40.09662,-113.3939,1303.948
40.09666,-113.3818,1302.098
40.09671,-113.3697,1302.738
40.09674,-113.3575,1304.584
40.09679,-113.3454,1306.201
40.09683,-113.3333,1307.566
40.09687,-113.3212,1310.687
40.0969,-113.3091,1313.852
40.09694,-113.2969,1340.343
40.09697,-113.2848,1480.284
40.097,-113.2727,1626.787
40.09703,-113.2606,1553.174
40.09706,-113.2485,1388.657
40.0971,-113.2363,1322.162
40.09712,-113.2242,1309.781
40.09714,-113.2121,1305.497
40.09716,-113.2,1307.209
40.09719,-113.1879,1309.361
40.09721,-113.1757,1309.681
40.09723,-113.1636,1309.98
40.09726,-113.1515,1311.577
40.09726,-113.1394,1314.226
40.09728,-113.1273,1315.18
40.09729,-113.1151,1314.876
40.09731,-113.103,1315.625
40.09731,-113.0909,1316.461
40.09733,-113.0788,1317.843
40.09734,-113.0667,1319.325
40.09735,-113.0545,1318.853
40.09735,-113.0424,1317.648
40.09735,-113.0303,1318.692
40.09735,-113.0182,1321.104
40.09735,-113.006,1321.063
40.09735,-112.9939,1320.475
40.09735,-112.9818,1322.443
40.10498,-113.5879,1292.068
40.10505,-113.5758,1293.112
40.10511,-113.5637,1294.405
40.10518,-113.5515,1293.478
40.10524,-113.5394,1291.256
40.10531,-113.5273,1290.567
40.10536,-113.5152,1291.521
40.10542,-113.5031,1292.283
40.10549,-113.4909,1291.513
40.10553,-113.4788,1291.237
40.10559,-113.4667,1295.083
40.10564,-113.4546,1299.664
40.10571,-113.4424,1301.271
40.10575,-113.4303,1301.662
40.1058,-113.4182,1302.01
40.10584,-113.4061,1302.621
40.1059,-113.394,1301.854
40.10593,-113.3818,1301.771
40.10598,-113.3697,1303.241
40.10602,-113.3576,1302.052
40.10606,-113.3455,1303.181
40.1061,-113.3334,1306.79
40.10614,-113.3212,1311.161
40.10618,-113.3091,1324.046
40.10621,-113.297,1377.831
40.10625,-113.2849,1561.816
40.10628,-113.2727,1742.29
40.10631,-113.2606,1651.516
40.10634,-113.2485,1430.85
40.10636,-113.2364,1325.392
40.10638,-113.2243,1307.997
40.10641,-113.2121,1306.642
40.10644,-113.2,1307.303
40.10646,-113.1879,1308.211
40.10648,-113.1758,1308.382
40.10651,-113.1636,1309.059
40.10653,-113.1515,1310.285
40.10654,-113.1394,1312.623
40.10655,-113.1273,1314.336
40.10657,-113.1151,1314.449
40.10658,-113.103,1314.908
40.10659,-113.0909,1316.008
40.1066,-113.0788,1316.393
40.10661,-113.0667,1315.444
40.10661,-113.0545,1313.703
40.10662,-113.0424,1314.241
40.10662,-113.0303,1318.56
40.10663,-113.0182,1321.456
40.10663,-113.006,1320.948
40.10663,-112.9939,1320.798
40.10663,-112.9818,1321.414
40.11425,-113.588,1291.204
40.11432,-113.5759,1291.856
40.11439,-113.5638,1293.793
40.11445,-113.5516,1293.67
40.11452,-113.5395,1291.348
40.11458,-113.5274,1290.403
40.11464,-113.5153,1291.029
40.11469,-113.5031,1290.645
40.11475,-113.491,1288.991
40.1148,-113.4789,1288.758
40.11486,-113.4668,1291.208
40.11491,-113.4547,1294.301
40.11497,-113.4425,1295.876
40.11502,-113.4304,1296.881
40.11506,-113.4183,1298.412
40.11512,-113.4062,1299.579
40.11516,-113.394,1301.063
40.11521,-113.3819,1303.325
40.11525,-113.3698,1304.147
40.11529,-113.3577,1302.208
40.11534,-113.3455,1303.523
40.11538,-113.3334,1306.176
40.11541,-113.3213,1311.763
40.11545,-113.3092,1351.651
40.11548,-113.297,1425.991
40.11551,-113.2849,1605.328
40.11555,-113.2728,1851.245
40.11558,-113.2607,1822.498
40.11561,-113.2485,1531.017
40.11563,-113.2364,1340.267
40.11567,-113.2243,1306.461
40.11568,-113.2122,1307.335
40.11571,-113.2,1306.742
40.11573,-113.1879,1305.997
40.11576,-113.1758,1306.634
40.11577,-113.1637,1308.548
40.1158,-113.1516,1310.062
40.11581,-113.1394,1311.509
40.11583,-113.1273,1312.841
40.11584,-113.1152,1313.75
40.11586,-113.1031,1314.602
40.11586,-113.0909,1315.195
40.11586,-113.0788,1314.851
40.11588,-113.0667,1314.106
40.11589,-113.0546,1314.009
40.11589,-113.0424,1315.312
40.11589,-113.0303,1318.098
40.11589,-113.0182,1319.983
40.11591,-113.006,1319.914
40.11591,-112.9939,1322.314
40.11589,-112.9818,1332.228
40.12352,-113.5881,1288.917
40.12359,-113.576,1288.925
40.12365,-113.5638,1289.993
40.12372,-113.5517,1290.291
40.12378,-113.5396,1289.762
40.12384,-113.5275,1289.839
40.12391,-113.5154,1291.064
40.12396,-113.5032,1291.094
40.12402,-113.4911,1289.797
40.12407,-113.479,1289.948
40.12413,-113.4668,1290.372
40.12419,-113.4547,1291.088
40.12424,-113.4426,1293.123
40.12429,-113.4305,1295.745
40.12434,-113.4183,1298.355
40.12439,-113.4062,1299.38
40.12443,-113.3941,1300.425
40.12448,-113.382,1302.22
40.12452,-113.3698,1303.258
40.12457,-113.3577,1303.396
40.12461,-113.3456,1304.605
40.12464,-113.3335,1305.277
40.12468,-113.3213,1321.096
40.12472,-113.3092,1403.788
40.12476,-113.2971,1509.121
40.12479,-113.2849,1676.011
40.12482,-113.2728,1922.359
40.12486,-113.2607,1899.287
40.12488,-113.2486,1581.166
40.12491,-113.2365,1354.337
40.12494,-113.2243,1304.225
40.12495,-113.2122,1304.668
40.12499,-113.2001,1304.089
40.12501,-113.1879,1303.624
40.12503,-113.1758,1305.554
40.12505,-113.1637,1308.751
40.12507,-113.1516,1310.802
40.12508,-113.1394,1311.614
40.1251,-113.1273,1312.435
40.12511,-113.1152,1313.688
40.12513,-113.1031,1314.488
40.12514,-113.0909,1314.797
40.12514,-113.0788,1315.06
40.12516,-113.0667,1315.615
40.12516,-113.0546,1316.253
40.12517,-113.0424,1316.45
40.12517,-113.0303,1317.791
40.12517,-113.0182,1320.141
40.12518,-113.0061,1321.1
40.12518,-112.9939,1327.428
40.12517,-112.9818,1350.235
40.13279,-113.5882,1288.269
40.13287,-113.576,1289.528
40.13293,-113.5639,1291.596
40.133,-113.5518,1291.999
40.13306,-113.5397,1292.157
40.13312,-113.5276,1292.926
40.13317,-113.5154,1294.106
40.13323,-113.5033,1293.915
40.1333,-113.4912,1292.35
40.13335,-113.479,1292.041
40.13341,-113.4669,1291.999
40.13345,-113.4548,1292.199
40.13351,-113.4427,1294.108
40.13356,-113.4305,1296.772
40.13361,-113.4184,1298.94
40.13366,-113.4063,1299.686
40.13371,-113.3941,1299.349
40.13375,-113.382,1299.145
40.13379,-113.3699,1300.37
40.13383,-113.3578,1302.297
40.13388,-113.3456,1303.112
40.13391,-113.3335,1309.469
40.13396,-113.3214,1346.869
40.13399,-113.3092,1474.971
40.13403,-113.2971,1644.35
40.13406,-113.285,1785.495
40.13409,-113.2729,1879.043
40.13412,-113.2607,1777.938
40.13415,-113.2486,1524.124
40.13418,-113.2365,1349.752
40.1342,-113.2244,1302.848
40.13423,-113.2122,1302.752
40.13426,-113.2001,1303.571
40.13428,-113.188,1304.847
40.1343,-113.1758,1306.662
40.13432,-113.1637,1308.813
40.13433,-113.1516,1310.678
40.13436,-113.1395,1311.81
40.13437,-113.1273,1312.932
40.13439,-113.1152,1314.152
40.1344,-113.1031,1314.522
40.13441,-113.0909,1314.869
40.13442,-113.0788,1316.079
40.13443,-113.0667,1316.989
40.13443,-113.0546,1317.634
40.13443,-113.0424,1318.212
40.13444,-113.0303,1319.851
40.13444,-113.0182,1322.721
40.13445,-113.0061,1323.258
40.13445,-112.9939,1329.06
40.13444,-112.9818,1351.719
40.14207,-113.5883,1292.438
40.14214,-113.5761,1293.342
40.1422,-113.564,1295.286
40.14227,-113.5519,1294.96
40.14233,-113.5398,1294.012
40.14239,-113.5276,1293.473
40.14244,-113.5155,1293.076
40.14251,-113.5034,1292.433
40.14257,-113.4912,1291.584
40.14262,-113.4791,1291.39
40.14268,-113.467,1292.375
40.14273,-113.4548,1293.816
40.14279,-113.4427,1294.622
40.14283,-113.4306,1295.555
40.14289,-113.4185,1297.1
40.14293,-113.4063,1298.24
40.14297,-113.3942,1297.919
40.14302,-113.3821,1297.085
40.14306,-113.3699,1297.816
40.14311,-113.3578,1299.6
40.14315,-113.3457,1298.684
40.14319,-113.3336,1328.136
40.14323,-113.3214,1411.662
40.14326,-113.3093,1544.039
40.1433,-113.2972,1719.006
40.14333,-113.285,1822.814
40.14336,-113.2729,1740.52
40.14339,-113.2608,1558.15
40.14342,-113.2487,1412.603
40.14346,-113.2365,1329.794
40.14348,-113.2244,1302.6
40.14351,-113.2123,1304.42
40.14353,-113.2001,1306.063
40.14355,-113.188,1308.005
40.14357,-113.1759,1309.038
40.14359,-113.1637,1309.685
40.14361,-113.1516,1310.906
40.14362,-113.1395,1312.395
40.14365,-113.1273,1314.091
40.14365,-113.1152,1315.558
40.14368,-113.1031,1316.009
40.14368,-113.091,1316.598
40.14369,-113.0788,1317.732
40.14369,-113.0667,1318.423
40.14371,-113.0546,1319.423
40.14371,-113.0424,1320.45
40.14371,-113.0303,1321.34
40.14371,-113.0182,1322.183
40.14372,-113.0061,1321.304
40.14372,-112.9939,1324.962
40.14371,-112.9818,1338.792
40.15134,-113.5884,1293.736
40.15141,-113.5762,1291.968
40.15147,-113.5641,1292.307
40.15153,-113.552,1291.844
40.1516,-113.5398,1291.399
40.15166,-113.5277,1290.937
40.15172,-113.5156,1289.789
40.15178,-113.5034,1289.014
40.15184,-113.4913,1288.977
40.1519,-113.4792,1289.48
40.15195,-113.467,1290.933
40.152,-113.4549,1292.723
40.15205,-113.4428,1293.469
40.1521,-113.4307,1293.702
40.15216,-113.4185,1295.114
40.1522,-113.4064,1297.322
40.15225,-113.3943,1298.128
40.1523,-113.3821,1297.291
40.15233,-113.37,1297.212
40.15237,-113.3579,1299.707
40.15242,-113.3457,1296.959
40.15246,-113.3336,1338.923
40.15249,-113.3215,1454.432
40.15253,-113.3093,1545.153
40.15258,-113.2972,1637.591
40.1526,-113.2851,1725.968
40.15264,-113.2729,1620.375
40.15266,-113.2608,1418.871
40.15271,-113.2487,1329.498
40.15273,-113.2366,1310.548
40.15275,-113.2244,1304.791
40.15277,-113.2123,1307.418
40.15281,-113.2002,1308.683
40.15283,-113.188,1310.076
40.15284,-113.1759,1311.537
40.15287,-113.1638,1312.478
40.15288,-113.1516,1312.986
40.1529,-113.1395,1313.261
40.15291,-113.1274,1314.58
40.15293,-113.1152,1316.598
40.15294,-113.1031,1317.011
40.15295,-113.091,1317.044
40.15296,-113.0789,1317.046
40.15297,-113.0667,1317.891
40.15298,-113.0546,1320.071
40.15298,-113.0424,1319.771
40.15298,-113.0303,1319.252
40.15299,-113.0182,1320.662
40.153,-113.0061,1320.555
40.153,-112.9939,1321.424
40.15299,-112.9818,1326.826
40.16061,-113.5885,1291.311
40.16068,-113.5763,1288.352
40.16074,-113.5642,1287.439
40.1608,-113.5521,1287.387
40.16087,-113.5399,1288.896
40.16093,-113.5278,1290.058
40.16099,-113.5157,1288.556
40.16105,-113.5035,1286.741
40.16111,-113.4914,1286.521
40.16117,-113.4792,1287.604
40.16123,-113.4671,1289.05
40.16128,-113.455,1290.869
40.16133,-113.4429,1292.741
40.16138,-113.4307,1293.601
40.16142,-113.4186,1295.017
40.16147,-113.4065,1297.314
40.16152,-113.3943,1298.829
40.16157,-113.3822,1298.889
40.16161,-113.3701,1298.746
40.16166,-113.3579,1302.181
40.16169,-113.3458,1301.295
40.16174,-113.3336,1317.997
40.16177,-113.3215,1390.413
40.1618,-113.3094,1450.655
40.16185,-113.2973,1489.637
40.16188,-113.2851,1556.735
40.16191,-113.273,1512.99
40.16194,-113.2609,1364.255
40.16197,-113.2487,1300.244
40.16199,-113.2366,1306.526
40.16203,-113.2245,1309.413
40.16205,-113.2123,1310.998
40.16207,-113.2002,1311.587
40.1621,-113.188,1311.501
40.16211,-113.1759,1312.325
40.16213,-113.1638,1313.28
40.16216,-113.1517,1313.476
40.16217,-113.1395,1313.466
40.16219,-113.1274,1314.31
40.1622,-113.1153,1316.513
40.16222,-113.1031,1316.996
40.16223,-113.091,1316.17
40.16224,-113.0789,1316.541
40.16224,-113.0667,1318.056
40.16225,-113.0546,1319.932
40.16226,-113.0424,1318.816
40.16226,-113.0303,1318.353
40.16226,-113.0182,1322.162
40.16226,-113.0061,1323.125
40.16226,-112.9939,1321.17
40.16226,-112.9818,1322.41
40.16989,-113.5885,1289.736
40.16996,-113.5764,1287.754
40.17002,-113.5643,1286.179
40.17008,-113.5521,1285.938
40.17015,-113.54,1287.396
40.17021,-113.5279,1288.475
40.17027,-113.5157,1286.683
40.17033,-113.5036,1284.687
40.17039,-113.4915,1285.433
40.17044,-113.4793,1287.298
40.17049,-113.4672,1288.792
40.17055,-113.455,1290.691
40.1706,-113.4429,1292.961
40.17065,-113.4308,1294.243
40.1707,-113.4187,1294.747
40.17075,-113.4065,1295.404
40.1708,-113.3944,1296.599
40.17084,-113.3822,1298.061
40.17088,-113.3701,1299.494
40.17093,-113.358,1302.908
40.17097,-113.3458,1304.813
40.17101,-113.3337,1300.747
40.17104,-113.3216,1316.338
40.17107,-113.3094,1350.391
40.17111,-113.2973,1366.35
40.17116,-113.2852,1383.876
40.17117,-113.273,1379.204
40.17122,-113.2609,1328.879
40.17123,-113.2488,1304.469
40.17127,-113.2366,1310.124
40.1713,-113.2245,1311.465
40.17132,-113.2124,1311.808
40.17134,-113.2002,1312.441
40.17136,-113.1881,1312.943
40.17139,-113.1759,1313.118
40.17141,-113.1638,1313.132
40.17143,-113.1517,1313.082
40.17144,-113.1396,1314.488
40.17146,-113.1274,1316.263
40.17147,-113.1153,1317.695
40.17149,-113.1031,1318.326
40.1715,-113.091,1317.805
40.1715,-113.0789,1319.408
40.17152,-113.0667,1321.724
40.17152,-113.0546,1321.543
40.17153,-113.0425,1320.565
40.17154,-113.0303,1320.738
40.17154,-113.0182,1322.411
40.17154,-113.0061,1321.274
40.17154,-112.9939,1316.919
40.17154,-112.9818,1315.664
40.17915,-113.5886,1287.838
40.17923,-113.5765,1286.903
40.17929,-113.5644,1285.333
40.17936,-113.5522,1285.003
40.17941,-113.5401,1285.936
40.17948,-113.528,1286.458
40.17953,-113.5158,1285.949
40.1796,-113.5037,1286.162
40.17965,-113.4915,1287.776
40.17972,-113.4794,1288.674
40.17977,-113.4673,1289.022
40.17982,-113.4551,1291.104
40.17987,-113.443,1294.374
40.17992,-113.4308,1295.673
40.17997,-113.4187,1295.067
40.18002,-113.4066,1295.435
40.18007,-113.3944,1296.712
40.18011,-113.3823,1297.645
40.18016,-113.3702,1299.984
40.18019,-113.358,1304.087
40.18024,-113.3459,1306.175
40.18027,-113.3338,1304.646
40.18031,-113.3216,1304.896
40.18036,-113.3095,1309.271
40.18039,-113.2973,1307.416
40.18042,-113.2852,1303.432
40.18045,-113.2731,1309.512
40.18048,-113.2609,1315.513
40.18052,-113.2488,1313.812
40.18054,-113.2367,1311.057
40.18056,-113.2245,1310.764
40.18058,-113.2124,1310.919
40.18062,-113.2003,1312.318
40.18064,-113.1881,1315.084
40.18066,-113.176,1316.231
40.18068,-113.1638,1315.792
40.1807,-113.1517,1315.01
40.18072,-113.1396,1316.309
40.18073,-113.1274,1318.877
40.18074,-113.1153,1320
40.18076,-113.1031,1320.909
40.18077,-113.091,1320.748
40.18078,-113.0789,1320.947
40.18079,-113.0667,1322.374
40.1808,-113.0546,1320.91
40.1808,-113.0425,1318.927
40.18081,-113.0303,1318.746
40.18081,-113.0182,1318.739
40.18081,-113.0061,1314.882
40.18081,-112.9939,1307.443
40.18081,-112.9818,1304.823
40.18843,-113.5887,1286.74
40.1885,-113.5766,1286.73
40.18856,-113.5645,1286.127
40.18863,-113.5523,1286.27
40.1887,-113.5402,1287.286
40.18875,-113.528,1287.771
40.18881,-113.5159,1288.304
40.18887,-113.5038,1289.785
40.18893,-113.4916,1290.739
40.18898,-113.4795,1290.338
40.18904,-113.4673,1290.463
40.1891,-113.4552,1293.276
40.18914,-113.4431,1297.124
40.1892,-113.4309,1298.132
40.18924,-113.4188,1297.571
40.18929,-113.4066,1298.851
40.18935,-113.3945,1300.482
40.18939,-113.3824,1300.796
40.18943,-113.3702,1302.469
40.18947,-113.3581,1306.234
40.18951,-113.3459,1307.923
40.18955,-113.3338,1307.715
40.18959,-113.3217,1306.999
40.18963,-113.3095,1304.252
40.18966,-113.2974,1302.763
40.1897,-113.2852,1302.987
40.18973,-113.2731,1307.24
40.18976,-113.261,1315.275
40.18979,-113.2488,1316.014
40.18981,-113.2367,1312.689
40.18984,-113.2246,1312.846
40.18986,-113.2124,1313.06
40.18989,-113.2003,1313.684
40.18991,-113.1881,1316.323
40.18994,-113.176,1318.088
40.18996,-113.1639,1317.838
40.18998,-113.1517,1317.404
40.18999,-113.1396,1317.782
40.19,-113.1274,1318.315
40.19002,-113.1153,1318.926
40.19003,-113.1032,1320.271
40.19004,-113.091,1319.99
40.19005,-113.0789,1318.38
40.19006,-113.0668,1317.282
40.19007,-113.0546,1315.266
40.19007,-113.0425,1313.499
40.19007,-113.0303,1313.243
40.19008,-113.0182,1314.089
40.19008,-113.0061,1311.097
40.19008,-112.9939,1304.448
40.19008,-112.9818,1302.897
40.1977,-113.5888,1288.874
40.19777,-113.5767,1289.589
40.19784,-113.5645,1289.649
40.19791,-113.5524,1289.467
40.19797,-113.5403,1289.425
40.19803,-113.5281,1289.886
40.19809,-113.516,1290.778
40.19814,-113.5038,1292.008
40.19821,-113.4917,1292.198
40.19826,-113.4796,1291.787
40.19832,-113.4674,1293.202
40.19837,-113.4553,1295.9
40.19842,-113.4431,1297.963
40.19848,-113.431,1299.168
40.19852,-113.4189,1300.01
40.19857,-113.4067,1300.792
40.19862,-113.3946,1301.483
40.19866,-113.3824,1302.048
40.1987,-113.3703,1302.551
40.19875,-113.3581,1305.044
40.19879,-113.346,1308.302
40.19883,-113.3339,1308.277
40.19886,-113.3217,1307.027
40.1989,-113.3096,1306.219
40.19894,-113.2974,1306.126
40.19897,-113.2853,1307.25
40.199,-113.2732,1309.976
40.19904,-113.261,1313.347
40.19906,-113.2489,1314.512
40.19909,-113.2367,1315.494
40.19912,-113.2246,1316.723
40.19914,-113.2125,1315.728
40.19917,-113.2003,1314.511
40.19919,-113.1882,1315.27
40.19921,-113.176,1316.287
40.19923,-113.1639,1316.044
40.19925,-113.1517,1316.227
40.19927,-113.1396,1316.256
40.19928,-113.1275,1314.779
40.1993,-113.1153,1314.329
40.19931,-113.1032,1314.913
40.19932,-113.091,1314.119
40.19932,-113.0789,1312.696
40.19933,-113.0668,1311.423
40.19934,-113.0546,1309.879
40.19935,-113.0425,1309.08
40.19935,-113.0303,1309.386
40.19935,-113.0182,1310.024
40.19935,-113.0061,1308.684
40.19935,-112.9939,1305.813
40.19935,-112.9818,1306.004
40.20697,-113.5889,1291.356
40.20705,-113.5768,1291.712
40.20711,-113.5646,1291.007
40.20717,-113.5525,1290.407
40.20724,-113.5403,1290.024
40.2073,-113.5282,1290.631
40.20736,-113.5161,1292.308
40.20742,-113.5039,1293.72
40.20748,-113.4918,1294.083
40.20753,-113.4796,1294.327
40.20758,-113.4675,1295.807
40.20764,-113.4553,1297.01
40.2077,-113.4432,1297.219
40.20774,-113.4311,1298.248
40.20779,-113.4189,1299.608
40.20784,-113.4068,1300.1
40.20789,-113.3946,1300.656
40.20794,-113.3825,1301.706
40.20797,-113.3703,1301.882
40.20802,-113.3582,1303.011
40.20806,-113.3461,1306.601
40.2081,-113.3339,1309.677
40.20814,-113.3218,1310.495
40.20817,-113.3096,1309.18
40.20821,-113.2975,1308.179
40.20824,-113.2853,1308.242
40.20827,-113.2732,1308.918
40.20831,-113.261,1310.807
40.20834,-113.2489,1312.735
40.20837,-113.2368,1314.506
40.20839,-113.2246,1315.199
40.20841,-113.2125,1313.814
40.20844,-113.2003,1312.462
40.20846,-113.1882,1312.576
40.20848,-113.1761,1312.939
40.2085,-113.1639,1312.539
40.20852,-113.1518,1311.952
40.20854,-113.1396,1311.075
40.20856,-113.1275,1309.84
40.20856,-113.1154,1308.899
40.20858,-113.1032,1307.635
40.20859,-113.0911,1306.403
40.2086,-113.0789,1306.336
40.20861,-113.0668,1306.801
40.20861,-113.0546,1306.064
40.20862,-113.0425,1305.116
40.20862,-113.0303,1306.431
40.20862,-113.0182,1308.019
40.20863,-113.0061,1307.85
40.20863,-112.9939,1307.696
40.20862,-112.9818,1309.449
40.21625,-113.589,1289.51
40.21632,-113.5768,1289.663
40.21638,-113.5647,1290.174
40.21645,-113.5526,1290.69
40.21651,-113.5404,1290.656
40.21658,-113.5283,1291.077
40.21663,-113.5161,1293.169
40.21668,-113.504,1294.546
40.21674,-113.4918,1295.342
40.2168,-113.4797,1296.371
40.21687,-113.4675,1297
40.21691,-113.4554,1296.852
40.21697,-113.4433,1296.719
40.21702,-113.4311,1297.234
40.21707,-113.419,1297.982
40.21712,-113.4068,1299.593
40.21716,-113.3947,1301.686
40.21721,-113.3825,1303.919
40.21725,-113.3704,1305.035
40.21729,-113.3582,1304.645
40.21733,-113.3461,1305.378
40.21738,-113.334,1307.146
40.21741,-113.3218,1308.771
40.21745,-113.3097,1308.391
40.21748,-113.2975,1305.94
40.21751,-113.2854,1304.028
40.21754,-113.2732,1303.055
40.21758,-113.2611,1305.177
40.21761,-113.249,1309.543
40.21764,-113.2368,1311.244
40.21766,-113.2247,1310.117
40.21769,-113.2125,1308.39
40.21771,-113.2004,1307.91
40.21774,-113.1882,1308.558
40.21775,-113.1761,1308.524
40.21778,-113.1639,1307.613
40.21779,-113.1518,1306.091
40.21781,-113.1396,1304.735
40.21782,-113.1275,1304.585
40.21784,-113.1154,1304.06
40.21785,-113.1032,1302.514
40.21786,-113.0911,1301.958
40.21787,-113.0789,1303.21
40.21788,-113.0668,1305.026
40.21789,-113.0546,1305.379
40.21789,-113.0425,1304.964
40.2179,-113.0303,1306.59
40.2179,-113.0182,1309.288
40.2179,-113.0061,1309.962
40.2179,-112.9939,1309.337
40.2179,-112.9818,1311.74
40.22552,-113.5891,1285.391
40.22559,-113.5769,1285.209
40.22566,-113.5648,1289.093
40.22572,-113.5526,1292.296
40.22578,-113.5405,1291.615
40.22585,-113.5284,1291.017
40.2259,-113.5162,1293.291
40.22596,-113.5041,1294.846
40.22602,-113.4919,1295.695
40.22608,-113.4798,1296.6
40.22613,-113.4676,1296.964
40.22618,-113.4555,1297.226
40.22625,-113.4433,1298.325
40.22629,-113.4312,1299.007
40.22635,-113.419,1299.049
40.22638,-113.4069,1300.988
40.22643,-113.3947,1302.54
40.22648,-113.3826,1302.573
40.22652,-113.3705,1302.171
40.22657,-113.3583,1301.091
40.22661,-113.3462,1300.188
40.22664,-113.334,1298.598
40.22669,-113.3219,1298.394
40.22672,-113.3097,1300.144
40.22675,-113.2976,1299.736
40.22679,-113.2854,1298.397
40.22682,-113.2733,1297.635
40.22685,-113.2611,1299.797
40.22688,-113.249,1305.161
40.22691,-113.2368,1307.523
40.22694,-113.2247,1305.357
40.22696,-113.2126,1302.605
40.22699,-113.2004,1302.589
40.22701,-113.1883,1303.537
40.22702,-113.1761,1303.099
40.22704,-113.164,1302.428
40.22707,-113.1518,1302.017
40.22708,-113.1397,1302.085
40.2271,-113.1275,1302.924
40.22711,-113.1154,1303.661
40.22713,-113.1032,1304.239
40.22714,-113.0911,1304.536
40.22714,-113.0789,1304.817
40.22715,-113.0668,1305.86
40.22717,-113.0547,1306.54
40.22717,-113.0425,1306.84
40.22717,-113.0304,1307.86
40.22717,-113.0182,1309.729
40.22718,-113.0061,1309.898
40.22718,-112.9939,1308.257
40.22717,-112.9818,1311.368
40.2348,-113.5892,1286.376
40.23487,-113.577,1285.264
40.23493,-113.5649,1289.202
40.23499,-113.5527,1294.151
40.23506,-113.5406,1293.884
40.23512,-113.5284,1292.72
40.23518,-113.5163,1294.759
40.23523,-113.5041,1296.979
40.23529,-113.492,1298.184
40.23536,-113.4798,1298.646
40.23541,-113.4677,1298.936
40.23546,-113.4555,1299.449
40.23551,-113.4434,1300.265
40.23557,-113.4312,1299.673
40.23561,-113.4191,1297.729
40.23566,-113.407,1297.443
40.23571,-113.3948,1297.125
40.23576,-113.3827,1294.532
40.23579,-113.3705,1291.841
40.23584,-113.3584,1290.513
40.23589,-113.3462,1290.489
40.23592,-113.3341,1290.25
40.23595,-113.3219,1290.324
40.236,-113.3098,1293.026
40.23604,-113.2976,1295.371
40.23606,-113.2855,1295.873
40.2361,-113.2733,1296.016
40.23612,-113.2612,1297.094
40.23616,-113.249,1299.796
40.23618,-113.2369,1301.516
40.23621,-113.2247,1300.968
40.23623,-113.2126,1299.991
40.23627,-113.2004,1300.753
40.23628,-113.1883,1301.99
40.2363,-113.1761,1302.309
40.23632,-113.164,1302.644
40.23634,-113.1518,1303.284
40.23636,-113.1397,1304.29
40.23637,-113.1275,1304.704
40.23639,-113.1154,1305.01
40.2364,-113.1032,1306.448
40.2364,-113.0911,1307.095
40.23642,-113.0789,1306.927
40.23642,-113.0668,1307.372
40.23643,-113.0547,1306.831
40.23643,-113.0425,1306.365
40.23645,-113.0304,1307.623
40.23645,-113.0182,1309.013
40.23646,-113.0061,1309.569
40.23646,-112.9939,1309.859
40.23645,-112.9818,1311.949
40.24407,-113.5893,1292.208
40.24414,-113.5771,1291.704
40.2442,-113.565,1292.594
40.24426,-113.5528,1295.754
40.24433,-113.5406,1296.447
40.24439,-113.5285,1295.824
40.24445,-113.5164,1297.202
40.24451,-113.5042,1298.51
40.24456,-113.4921,1298.524
40.24463,-113.4799,1298.095
40.24468,-113.4678,1297.737
40.24474,-113.4556,1297.219
40.24479,-113.4435,1296.499
40.24483,-113.4313,1295.036
40.24488,-113.4192,1292.131
40.24493,-113.407,1289.616
40.24498,-113.3949,1289.178
40.24502,-113.3827,1288.757
40.24507,-113.3706,1287.551
40.24511,-113.3584,1287.266
40.24515,-113.3463,1288.194
40.2452,-113.3341,1288.167
40.24523,-113.322,1288.203
40.24527,-113.3098,1290.81
40.24531,-113.2977,1293.239
40.24533,-113.2855,1294.564
40.24537,-113.2734,1295.523
40.2454,-113.2612,1295.699
40.24543,-113.2491,1296.862
40.24546,-113.2369,1298.631
40.24548,-113.2248,1299.729
40.24551,-113.2126,1300.874
40.24553,-113.2005,1302.224
40.24556,-113.1883,1302.907
40.24557,-113.1762,1303.214
40.24559,-113.164,1303.819
40.24562,-113.1519,1304.376
40.24562,-113.1397,1304.901
40.24565,-113.1276,1304.858
40.24566,-113.1154,1304.862
40.24567,-113.1033,1305.613
40.24569,-113.0911,1306.125
40.24569,-113.079,1307.272
40.2457,-113.0668,1309.116
40.24572,-113.0547,1309.269
40.24572,-113.0425,1308.399
40.24572,-113.0304,1308.904
40.24572,-113.0182,1310.794
40.24572,-113.0061,1313.066
40.24572,-112.9939,1315.425
40.24572,-112.9818,1317.007
40.25335,-113.5894,1296.374
40.25341,-113.5772,1296.686
40.25348,-113.565,1295.005
40.25354,-113.5529,1294.863
40.2536,-113.5407,1294.846
40.25367,-113.5286,1293.969
40.25373,-113.5164,1294.181
40.25379,-113.5043,1294.074
40.25384,-113.4921,1293.151
40.2539,-113.48,1292.54
40.25396,-113.4678,1292.148
40.25401,-113.4557,1291.766
40.25406,-113.4435,1291.632
40.25411,-113.4314,1291.802
40.25416,-113.4192,1290.074
40.25421,-113.4071,1287.078
40.25426,-113.3949,1286.933
40.2543,-113.3828,1288.134
40.25434,-113.3706,1288.866
40.25438,-113.3585,1290.806
40.25443,-113.3463,1292.238
40.25446,-113.3342,1291.068
40.2545,-113.322,1290.425
40.25454,-113.3099,1292.201
40.25458,-113.2977,1294.189
40.25461,-113.2856,1295.796
40.25465,-113.2734,1297.047
40.25467,-113.2613,1297.251
40.25471,-113.2491,1297.923
40.25473,-113.237,1299.216
40.25475,-113.2248,1299.555
40.25478,-113.2126,1300.266
40.2548,-113.2005,1301.551
40.25484,-113.1884,1301.548
40.25485,-113.1762,1300.917
40.25487,-113.164,1301.52
40.25488,-113.1519,1303.02
40.25491,-113.1397,1303.973
40.25492,-113.1276,1304.896
40.25493,-113.1154,1306.412
40.25495,-113.1033,1307.427
40.25496,-113.0911,1307.617
40.25497,-113.079,1308.614
40.25497,-113.0668,1310.81
40.25498,-113.0547,1312.73
40.25499,-113.0425,1313.518
40.255,-113.0304,1313.632
40.255,-113.0182,1314.844
40.255,-113.0061,1317.532
40.255,-112.9939,1322.132
40.255,-112.9818,1328.535
40.26262,-113.5894,1294.15
40.26269,-113.5773,1293.95
40.26275,-113.5651,1291.913
40.26281,-113.553,1290.836
40.26287,-113.5408,1290.217
40.26294,-113.5287,1288.898
40.263,-113.5165,1288.553
40.26306,-113.5044,1289.284
40.26311,-113.4922,1290.047
40.26317,-113.4801,1290.438
40.26323,-113.4679,1290.732
40.26328,-113.4557,1291.163
40.26333,-113.4436,1291.974
40.26338,-113.4314,1292.892
40.26343,-113.4193,1291.334
40.26348,-113.4071,1288.367
40.26353,-113.395,1288.604
40.26357,-113.3828,1289.806
40.26362,-113.3707,1290.396
40.26365,-113.3585,1292.442
40.2637,-113.3464,1293.996
40.26374,-113.3342,1294.508
40.26377,-113.3221,1295.088
40.26382,-113.3099,1295.283
40.26385,-113.2978,1296.137
40.26388,-113.2856,1297.189
40.26391,-113.2734,1297.173
40.26395,-113.2613,1297.347
40.26398,-113.2491,1298.108
40.264,-113.237,1298.561
40.26403,-113.2248,1298.508
40.26405,-113.2127,1298.892
40.26408,-113.2005,1300.257
40.2641,-113.1884,1301.423
40.26413,-113.1762,1301.369
40.26414,-113.1641,1301.724
40.26416,-113.1519,1303.303
40.26418,-113.1398,1305.097
40.26419,-113.1276,1307.351
40.26421,-113.1154,1309.477
40.26422,-113.1033,1310.074
40.26423,-113.0911,1310.805
40.26424,-113.079,1312.813
40.26425,-113.0668,1314.596
40.26426,-113.0547,1316.317
40.26426,-113.0425,1319.344
40.26427,-113.0304,1322.597
40.26427,-113.0182,1323.174
40.26427,-113.0061,1324.539
40.26427,-112.9939,1330.188
40.26427,-112.9818,1340.309
40.27189,-113.5895,1287.964
40.27195,-113.5774,1287.575
40.27202,-113.5652,1288.135
40.27209,-113.5531,1289.124
40.27215,-113.5409,1288.825
40.27222,-113.5287,1288.065
40.27227,-113.5166,1288.4
40.27233,-113.5044,1289.769
40.27239,-113.4923,1291.257
40.27244,-113.4801,1292.087
40.27251,-113.468,1292.411
40.27255,-113.4558,1292.998
40.27261,-113.4437,1294.039
40.27266,-113.4315,1294.683
40.27271,-113.4193,1293.364
40.27275,-113.4072,1290.854
40.27281,-113.3951,1290.51
40.27285,-113.3829,1291.484
40.27289,-113.3707,1291.75
40.27293,-113.3586,1292.191
40.27298,-113.3464,1293.109
40.27301,-113.3343,1294.619
40.27304,-113.3221,1295.987
40.27308,-113.31,1296.027
40.27312,-113.2978,1295.966
40.27316,-113.2856,1296.191
40.27319,-113.2735,1296.082
40.27322,-113.2613,1296.635
40.27325,-113.2492,1297.865
40.27327,-113.237,1298.735
40.2733,-113.2249,1299.331
40.27333,-113.2127,1300.145
40.27335,-113.2006,1301.651
40.27338,-113.1884,1303.258
40.2734,-113.1762,1304.107
40.27341,-113.1641,1305.115
40.27345,-113.1519,1306.276
40.27346,-113.1398,1307.846
40.27347,-113.1276,1310.076
40.27349,-113.1155,1312.032
40.27349,-113.1033,1312.178
40.27351,-113.0912,1314.295
40.27352,-113.079,1319.893
40.27353,-113.0668,1320.899
40.27354,-113.0547,1319.678
40.27354,-113.0425,1324.272
40.27354,-113.0304,1331.428
40.27354,-113.0182,1334.253
40.27354,-113.0061,1336.278
40.27354,-112.9939,1341.75
40.27354,-112.9818,1352.41
40.28116,-113.5896,1285.776
40.28124,-113.5775,1286.215
40.2813,-113.5653,1288.565
40.28136,-113.5531,1290.254
40.28143,-113.541,1290.4
40.28149,-113.5288,1290.596
40.28154,-113.5167,1290.848
40.28161,-113.5045,1291.29
40.28167,-113.4924,1292.51
40.28172,-113.4802,1293.469
40.28178,-113.468,1293.693
40.28183,-113.4559,1293.731
40.28188,-113.4437,1293.538
40.28194,-113.4316,1293.816
40.28198,-113.4194,1293.615
40.28204,-113.4073,1291.803
40.28208,-113.3951,1290.636
40.28213,-113.3829,1291.474
40.28217,-113.3708,1292.936
40.28221,-113.3586,1293.479
40.28225,-113.3465,1293.414
40.28229,-113.3343,1294.164
40.28233,-113.3222,1295.286
40.28236,-113.31,1295.947
40.2824,-113.2979,1296.497
40.28243,-113.2857,1297.221
40.28246,-113.2735,1298.167
40.2825,-113.2614,1298.729
40.28252,-113.2492,1299.473
40.28255,-113.2371,1300.667
40.28258,-113.2249,1301.243
40.2826,-113.2127,1302.062
40.28263,-113.2006,1303.496
40.28265,-113.1884,1304.649
40.28267,-113.1763,1306.301
40.28269,-113.1641,1308.56
40.28271,-113.1519,1310.032
40.28273,-113.1398,1311.178
40.28274,-113.1276,1312.255
40.28275,-113.1155,1313.182
40.28277,-113.1033,1313.184
40.28278,-113.0912,1316.723
40.28279,-113.079,1323.329
40.28279,-113.0669,1331.428
40.28281,-113.0547,1338.134
40.28281,-113.0425,1335.134
40.28281,-113.0304,1335.558
40.28282,-113.0182,1342.234
40.28282,-113.0061,1348.205
40.28282,-112.9939,1358.034
40.28282,-112.9818,1373.118
40.29044,-113.5897,1287.804
40.29051,-113.5775,1288.89
40.29056,-113.5654,1290.308
40.29064,-113.5532,1291.178
40.2907,-113.5411,1292.111
40.29077,-113.5289,1292.728
40.29082,-113.5168,1291.92
40.29089,-113.5046,1291.172
40.29094,-113.4924,1291.75
40.291,-113.4803,1292.166
40.29104,-113.4681,1292.485
40.2911,-113.456,1292.429
40.29116,-113.4438,1291.122
40.29121,-113.4316,1290.69
40.29125,-113.4195,1290.859
40.2913,-113.4073,1290.452
40.29135,-113.3952,1290.844
40.2914,-113.383,1292.321
40.29144,-113.3708,1294.692
40.29148,-113.3587,1296.342
40.29152,-113.3465,1296.209
40.29156,-113.3344,1296.616
40.29159,-113.3222,1297.762
40.29164,-113.3101,1298.584
40.29167,-113.2979,1299.694
40.29171,-113.2857,1300.934
40.29174,-113.2736,1301.385
40.29177,-113.2614,1301.134
40.29179,-113.2493,1301.728
40.29183,-113.2371,1302.76
40.29185,-113.2249,1302.647
40.29188,-113.2128,1302.901
40.2919,-113.2006,1304.487
40.29192,-113.1885,1306.331
40.29195,-113.1763,1308.286
40.29196,-113.1641,1310.24
40.29198,-113.152,1311.845
40.292,-113.1398,1312.595
40.29201,-113.1277,1312.302
40.29203,-113.1155,1311.98
40.29205,-113.1033,1312.375
40.29205,-113.0912,1315.751
40.29206,-113.079,1322.615
40.29208,-113.0669,1355.798
40.29208,-113.0547,1383.362
40.29209,-113.0425,1357.451
40.29209,-113.0304,1340.22
40.29209,-113.0182,1351.426
40.29209,-113.0061,1361.95
40.29209,-112.9939,1377.622
40.29209,-112.9818,1400.001
40.29971,-113.5898,1290.304
40.29978,-113.5776,1290.83
40.29985,-113.5655,1290.208
40.29992,-113.5533,1290.443
40.29997,-113.5412,1291.531
40.30004,-113.529,1291.504
40.3001,-113.5168,1290.107
40.30015,-113.5047,1288.97
40.30021,-113.4925,1288.755
40.30027,-113.4803,1288.827
40.30033,-113.4682,1289.776
40.30038,-113.456,1290.846
40.30043,-113.4439,1290.559
40.30049,-113.4317,1289.831
40.30053,-113.4195,1289.776
40.30058,-113.4074,1291.027
40.30062,-113.3952,1293.389
40.30067,-113.3831,1295.304
40.30072,-113.3709,1297.003
40.30075,-113.3587,1298.777
40.3008,-113.3466,1299.459
40.30085,-113.3344,1299.828
40.30088,-113.3223,1300.735
40.30091,-113.3101,1301.552
40.30095,-113.2979,1302.308
40.30098,-113.2858,1303.241
40.30101,-113.2736,1303.23
40.30104,-113.2614,1302.695
40.30107,-113.2493,1303.593
40.3011,-113.2371,1304.592
40.30113,-113.225,1304.033
40.30115,-113.2128,1303.525
40.30118,-113.2007,1304.733
40.3012,-113.1885,1306.585
40.30122,-113.1763,1307.696
40.30124,-113.1642,1308.952
40.30126,-113.152,1310.671
40.30128,-113.1398,1311.239
40.30129,-113.1277,1310.404
40.30131,-113.1155,1309.728
40.30132,-113.1034,1309.644
40.30132,-113.0912,1318.959
40.30134,-113.079,1348.744
40.30135,-113.0669,1400.093
40.30136,-113.0547,1417.723
40.30136,-113.0426,1375.85
40.30136,-113.0304,1354.167
40.30137,-113.0182,1369.344
40.30137,-113.0061,1386.09
40.30137,-112.9939,1405.008
40.30137,-112.9818,1432.331
40.30898,-113.5899,1289.604
40.30905,-113.5777,1289.346
40.30913,-113.5656,1287.909
40.30919,-113.5534,1287.551
40.30925,-113.5412,1288.052
40.30931,-113.5291,1287.663
40.30937,-113.5169,1286.987
40.30943,-113.5047,1287.287
40.30949,-113.4926,1287.594
40.30955,-113.4804,1288.311
40.30959,-113.4683,1290.436
40.30965,-113.4561,1292.138
40.30971,-113.4439,1292.548
40.30976,-113.4318,1292.206
40.30981,-113.4196,1291.792
40.30985,-113.4074,1292.817
40.3099,-113.3953,1295.477
40.30995,-113.3831,1298.031
40.30998,-113.371,1299.952
40.31004,-113.3588,1301.912
40.31008,-113.3466,1303.072
40.31011,-113.3345,1302.843
40.31015,-113.3223,1303.111
40.31019,-113.3102,1303.549
40.31023,-113.298,1302.944
40.31026,-113.2858,1303.241
40.31029,-113.2737,1303.583
40.31031,-113.2615,1302.995
40.31035,-113.2493,1303.466
40.31038,-113.2372,1304.196
40.31041,-113.225,1303.654
40.31043,-113.2128,1302.943
40.31046,-113.2007,1303.414
40.31047,-113.1885,1304.437
40.31049,-113.1764,1305.038
40.31052,-113.1642,1306.108
40.31054,-113.152,1307.704
40.31055,-113.1399,1308.739
40.31057,-113.1277,1308.709
40.31058,-113.1155,1308.427
40.3106,-113.1034,1306.504
40.31061,-113.0912,1322.037
40.31061,-113.079,1381.947
40.31062,-113.0669,1437.588
40.31063,-113.0547,1427.914
40.31063,-113.0426,1392.954
40.31064,-113.0304,1386.876
40.31065,-113.0182,1404.211
40.31065,-113.0061,1424.125
40.31065,-112.9939,1444.283
40.31065,-112.9818,1473.654
40.31826,-113.59,1286.986
40.31833,-113.5778,1287.129
40.31839,-113.5656,1286.89
40.31846,-113.5535,1287.126
40.31853,-113.5413,1287.38
40.31859,-113.5291,1286.958
40.31865,-113.517,1287.36
40.31871,-113.5048,1289.099
40.31877,-113.4927,1289.828
40.31882,-113.4805,1290.635
40.31887,-113.4683,1292.781
40.31893,-113.4562,1294.136
40.31898,-113.444,1294.473
40.31904,-113.4318,1294.943
40.31908,-113.4197,1295.111
40.31913,-113.4075,1295.133
40.31918,-113.3953,1297.219
40.31923,-113.3832,1300.492
40.31926,-113.371,1302.68
40.31931,-113.3589,1304.117
40.31936,-113.3467,1304.613
40.31939,-113.3345,1303.882
40.31942,-113.3224,1303.855
40.31946,-113.3102,1304.1
40.3195,-113.298,1303.206
40.31953,-113.2859,1302.719
40.31956,-113.2737,1302.28
40.31959,-113.2615,1301.569
40.31963,-113.2494,1301.643
40.31965,-113.2372,1301.779
40.31968,-113.225,1301.637
40.31971,-113.2129,1301.87
40.31973,-113.2007,1302.305
40.31975,-113.1885,1302.834
40.31977,-113.1764,1303.282
40.31979,-113.1642,1303.797
40.31981,-113.1521,1305.752
40.31983,-113.1399,1307.71
40.31984,-113.1277,1307.193
40.31986,-113.1156,1306.812
40.31987,-113.1034,1306.66
40.31988,-113.0912,1316.179
40.31989,-113.0791,1366.611
40.3199,-113.0669,1425.884
40.31991,-113.0547,1433.56
40.31991,-113.0426,1423.484
40.31992,-113.0304,1438.021
40.31992,-113.0182,1464.519
40.31992,-113.0061,1482.751
40.31992,-112.9939,1497.298
40.31992,-112.9818,1530.214
